2,musk,musk,Elon,Musk,image/adminAvatar/muskPic.jpg,2020,11,1,1,45,27
2,evans,chris,Chris,Evans,image/adminAvatar/evansPic.jpg,2009,10,27,4,36,53
1,zuck,zuck,Mark,Zuckerberg,image/staffAvatar/zuckPic.jpg,2020,11,1,1,47,58,false,0
1,cook,cook,Tim,Cook,image/staffAvatar/cookPic.jpg,2020,10,27,23,44,7,false,0
0,bill,bill,Bill,Gates,image/userAvatar/gatesPic.jpg,2020,11,1,1,42,54,true,A800,2005,5,2,15,32,49
0,jobs,jobs,Steve,Jobs,image/userAvatar/jobsPic.jpg,2020,10,28,5,2,9,true,A402,2012,10,24,15,32,49
1,hulk,hulk,Mark,Ruffalo,image/staffAvatar/2020-10-27_1603749646817.png,2020,10,27,5,7,22,true,0
0,mix,mix,Panupat,Chulaotrakul,image/userAvatar/2020-10-27_1603750078354.jpg,2020,11,1,1,42,38,true,A801,2020,10,27,5,7,59
1,Rice,cook,Willian,Rice,image/staffAvatar/2020-11-01_1604169472471.JPG,2020,11,1,1,39,3,false,0
